1,4UCYCLING
2,ACHILLEA
3,ACHIOU
4,ADIDAS
5,ALVA
6,AMAZON ESSENTIALS
7,AMAZONBASICS
8,AMILIASHP
9,AMIVOO
10,ANDREW SCOTT
11,ANN ARBOR T-SHIRT CO.
12,AOLIGE
14,ARCTIX
15,AVIDLOVE
16,BALEAF
17,BALEGA
18,BETSEY JOHNSON
19,BIG MO'S TOYS
20,BODYJ4YOU
21,BOSE
22,BOSTANTEN
23,BTFB
24,BTFBM
25,C.C
26,CALVIN KLEIN
27,CAPEZIO
28,CARHARTT
29,CARTER'S
30,CASIO
31,CHAMPION
32,CHEROKEE
33,CHOK.LIDS
34,CHOOKA
35,CISMARK
36,CNMUDONSI
37,COACH
38,COLUMBIA
39,COMFORT COLORS
40,COMMANDO
41,COSOMALL
42,COVERYOURHAIR
43,CRAZY DOG T-SHIRTS
44,CROCS
45,DALIX
46,DARN TOUGH
47,DG HILL
48,DIANE & GEORDI
49,DICKIES
50,DISNEY
51,DOCTOR UNICORN
52,DOKOTOO
53,DR. MARTENS
54,DREAMINGBOX
55,DUOFOLD
56,DUPONT
57,DUUFIN
58,DUUFIN
59,ELLIE SHOES
60,EMBER
61,ENJOY HOLIDAY 1981
62,EPEIUS
63,ETERNITY J.
64,EVER FAITH
65,EVERBELLUS
66,EVERSWE
67,EVRIDWEAR
68,FEARLESS TAPE
69,FELINA
70,FESCIORY
71,FORUM NOVELTIES
72,FOSSIL
73,FRALOSHA
74,FREDD MARSHALL
75,FRENCH TOAST
76,FROGG TOGGS
77,FRUIT OF THE LOOM
78,FRYE
79,FZ FANTASTIC ZONE
80,GAMEHIDE
81,GENOVEGA
82,GILDAN
83,GINASY
84,GRINDERPUNCH
85,GÙCCÌ
86,HANES
87,HANES ULTIMATE
88,HATBUTIK.
89,HENNY RUE
90,HJTT
91,HLKZONE
92,HOEREV
93,HOMELEX
94,HOT FEET
95,HUE
96,HZMAN
97,IBTOM CASTLE
98,IFANS
99,IMPRESA
100,ISEASOO
101,ISOTONER
102,ITSLIFE
103,JANSPORT
104,JASGOOD
105,JEFFERIES SOCKS
106,JERZEES
107,JESSICA SIMPSON
108,JISEN
109,JOBAKIDS
110,JOYOLDELF
111,JOYSON
112,JUST MY SIZE
113,K-LORRA
114,KAIMINGQIAN
115,KAMIK
116,KATE SPADE NEW YORK
117,KATTEE
118,KAVU
119,KBETHOS
120,KENNETH COLE REACTION
121,KING'S CAMO
122,KIRUNDO
123,LA12ST
124,LADYSLIM BY NUVOFIT
125,LATALY
126,LAVEMI
127,LEG AVENUE
128,LEG ELEGANT
129,LEGENDARY WHITETAILS
130,LEVI'S
131,LISIANTHUS
132,LOCK AND LOVE
133,LOUNGEFLY
134,LUVABLE FRIENDS
135,LUWINT
136,MAAMGIC
137,MARVEL
138,MAXDOT
139,MEETSUN
140,MERRY'S
141,MEVECCO
142,MICHAEL KORS
143,MINIHOPE
144,MINUS33 MERINO WOOL
145,MIRITY
146,MOMCOZY
147,MOOCHI
148,MORECOO
149,MOSS ROSE
150,MYFRIDAY
151,N.N.G
152,N'ICE CAPS
153,NATURAL NEO
154,NEW BALANCE
155,NEWCOSPLAY
156,NICKELODEON
157,NIIDOR
158,NIKE
159,NINTENDO
160,NITAGUT
161,NO NONSENSE
162,NY THREADS
163,NYFASHION101
164,OAK LEATHERS
165,OLIEYE
166,OMYSTYLE
167,OPRET
168,ORDENADO
169,OROLAY
170,ORORO
171,OSPREY
172,OUBER
173,OUTDOOR CAP
174,PARLOVABLE
175,PÁW PATROL
176,PEARL
177,PEMBROOK
178,PENDLETON
179,PEOPLE SOCKS
180,PEPPA PIG
181,PINCNEL
182,PLAYTEX
183,PLUM FEATHERS
184,POLÔ RALPH LAURÊN
185,PRETTYGARDEN
186,PUMA
187,REALER
188,REALTREE
189,RED KAP
190,RELIC BY FOSSIL
191,RETRO GONG
192,ROCKDOVE
193,RTBOFY
194,RUBIE'S
195,RUSSELL ATHLETIC
196,SANSTHS
197,SAPHIROSE
198,SATINIOR
199,SAUCONY
200,SEDRINUO
201,SEVEN APPAREL
202,SHAPERMINT
203,SHAPERX
204,SHIRATORI
205,SHOCK DOCTOR
206,SILVER LILLY
207,SIMPLE JOYS BY CARTER'S
208,SIMPLE WISHES
209,SLAIXIU
210,SMITH OPTICS
211,SOJOS
212,SOPERWILLTON
213,SOREL
214,SOUTHPOLE
215,SPALDING
216,SPERRY TOP-SIDER
217,SPOTTED ZEBRA
218,STELLE
219,STYLA HAIR
220,SWEETV
221,TAGOO
222,TANG SONG
223,TEEHEE KIDS
224,TEEHEE SOCKS
225,THE CHILDREN'S PLACE
226,THE COMFY
227,THE DROP
228,THE NORTH FACE
229,THORLOS
230,TIMEX
231,TOMS
232,TOUGHERGUN
233,TRALEUBIE
234,TRAVELAMBO
235,TRAVELON
236,TRENDOUX
237,TURTLE FUR
238,UGG
239,UMBRELLALABORATORY
240,UNDER ARMOUR
241,URBAN COCO
242,VERO MONTE
243,VOCHIC
244,WALLS
245,WANDER
246,WANTDO
247,WARNER'S
248,WIRARPA
249,WRANGLER
250,YACHT & SMITH
251,YFN
252,YIANNA
253,YOICY
254,YZKKE
